use rede_social;

INSERT INTO Tag (id, name, createdAt) VALUES
('550e8400-e29b-41d4-a716-446655440000           ', '#love                                           ', '2025-06-14 08:00:00'),
('550e8400-e29b-41d4-a716-446655440001           ', '#instagood                                      ', '2025-06-14 08:01:00'),
('550e8400-e29b-41d4-a716-446655440002           ', '#photooftheday                                  ', '2025-06-14 08:02:00'),
('550e8400-e29b-41d4-a716-446655440003           ', '#fashion                                        ', '2025-06-14 08:03:00'),
('550e8400-e29b-41d4-a716-446655440004           ', '#beautiful                                      ', '2025-06-14 08:04:00'),
('550e8400-e29b-41d4-a716-446655440005           ', '#happy                                          ', '2025-06-14 08:05:00'),
('550e8400-e29b-41d4-a716-446655440006           ', '#cute                                           ', '2025-06-14 08:06:00'),
('550e8400-e29b-41d4-a716-446655440007           ', '#tbt                                            ', '2025-06-14 08:07:00'),
('550e8400-e29b-41d4-a716-446655440008           ', '#like4like                                      ', '2025-06-14 08:08:00'),
('550e8400-e29b-41d4-a716-446655440009           ', '#followme                                      ', '2025-06-14 08:09:00'),
('550e8400-e29b-41d4-a716-44665544000A           ', '#picoftheday                                   ', '2025-06-14 08:10:00'),
('550e8400-e29b-41d4-a716-44665544000B           ', '#follow                                        ', '2025-06-14 08:11:00'),
('550e8400-e29b-41d4-a716-44665544000C           ', '#selfie                                        ', '2025-06-14 08:12:00'),
('550e8400-e29b-41d4-a716-44665544000D           ', '#summer                                        ', '2025-06-14 08:13:00'),
('550e8400-e29b-41d4-a716-44665544000E           ', '#art                                           ', '2025-06-14 08:14:00'),
('550e8400-e29b-41d4-a716-44665544000F           ', '#instadaily                                    ', '2025-06-14 08:15:00'),
('550e8400-e29b-41d4-a716-446655440010           ', '#friends                                       ', '2025-06-14 08:16:00'),
('550e8400-e29b-41d4-a716-446655440011           ', '#repost                                        ', '2025-06-14 08:17:00'),
('550e8400-e29b-41d4-a716-446655440012           ', '#nature                                        ', '2025-06-14 08:18:00'),
('550e8400-e29b-41d4-a716-446655440013           ', '#fun                                           ', '2025-06-14 08:19:00'),
('550e8400-e29b-41d4-a716-446655440014           ', '#style                                         ', '2025-06-14 08:20:00'),
('550e8400-e29b-41d4-a716-446655440015           ', '#smile                                         ', '2025-06-14 08:21:00'),
('550e8400-e29b-41d4-a716-446655440016           ', '#food                                          ', '2025-06-14 08:22:00'),
('550e8400-e29b-41d4-a716-446655440017           ', '#family                                        ', '2025-06-14 08:23:00'),
('550e8400-e29b-41d4-a716-446655440018           ', '#travel                                        ', '2025-06-14 08:24:00'),
('550e8400-e29b-41d4-a716-446655440019           ', '#fitness                                       ', '2025-06-14 08:25:00'),
('550e8400-e29b-41d4-a716-44665544001A           ', '#igers                                         ', '2025-06-14 08:26:00'),
('550e8400-e29b-41d4-a716-44665544001B           ', '#tagsforlikes                                  ', '2025-06-14 08:27:00'),
('550e8400-e29b-41d4-a716-44665544001C           ', '#follow4follow                                 ', '2025-06-14 08:28:00'),
('550e8400-e29b-41d4-a716-44665544001D           ', '#nofilter                                      ', '2025-06-14 08:29:00'),
('550e8400-e29b-41d4-a716-44665544001E           ', '#life                                          ', '2025-06-14 08:30:00'),
('550e8400-e29b-41d4-a716-44665544001F           ', '#beauty                                        ', '2025-06-14 08:31:00'),
('550e8400-e29b-41d4-a716-446655440020           ', '#amazing                                       ', '2025-06-14 08:32:00'),
('550e8400-e29b-41d4-a716-446655440021           ', '#instamood                                     ', '2025-06-14 08:33:00'),
('550e8400-e29b-41d4-a716-446655440022           ', '#photography                                   ', '2025-06-14 08:34:00'),
('550e8400-e29b-41d4-a716-446655440023           ', '#vsco                                          ', '2025-06-14 08:35:00'),
('550e8400-e29b-41d4-a716-446655440024           ', '#sunset                                        ', '2025-06-14 08:36:00'),
('550e8400-e29b-41d4-a716-446655440025           ', '#dog                                           ', '2025-06-14 08:37:00'),
('550e8400-e29b-41d4-a716-446655440026           ', '#beach                                         ', '2025-06-14 08:38:00'),
('550e8400-e29b-41d4-a716-446655440027           ', '#model                                         ', '2025-06-14 08:39:00'),
('550e8400-e29b-41d4-a716-446655440028           ', '#motivation                                    ', '2025-06-14 08:40:00'),
('550e8400-e29b-41d4-a716-446655440029           ', '#photo                                         ', '2025-06-14 08:41:00'),
('550e8400-e29b-41d4-a716-44665544002A           ', '#music                                         ', '2025-06-14 08:42:00'),
('550e8400-e29b-41d4-a716-44665544002B           ', '#makeup                                        ', '2025-06-14 08:43:00'),
('550e8400-e29b-41d4-a716-44665544002C           ', '#lifestyle                                     ', '2025-06-14 08:44:00'),
('550e8400-e29b-41d4-a716-44665544002D           ', '#design                                        ', '2025-06-14 08:45:00'),
('550e8400-e29b-41d4-a716-44665544002E           ', '#work                                          ', '2025-06-14 08:46:00'),
('550e8400-e29b-41d4-a716-44665544002F           ', '#drawing                                       ', '2025-06-14 08:47:00'),
('550e8400-e29b-41d4-a716-446655440030           ', '#architecture                                  ', '2025-06-14 08:48:00'),
('550e8400-e29b-41d4-a716-446655440031           ', '#education                                     ', '2025-06-14 08:49:00');

INSERT INTO `User` (id, email, username, birthdate, avatar, createdAt) VALUES
('550e8400-e29b-41d4-a716-446655440001', 'alice@example.com',      'alice',     '1990-01-15', 'https://cdn.seusite.com/avatars/alice.png',      '2025-06-14 09:00:00'),
('550e8400-e29b-41d4-a716-446655440002', 'bob@example.com',        'bob',       '1988-05-22', 'https://cdn.seusite.com/avatars/bob.jpg',        '2025-06-14 09:01:00'),
('550e8400-e29b-41d4-a716-446655440003', 'charlie@example.com',    'charlie',   '1992-11-03', 'https://cdn.seusite.com/avatars/charlie.png',    '2025-06-14 09:02:00'),
('550e8400-e29b-41d4-a716-446655440004', 'daisy@example.com',      'daisy',     '1995-07-20', 'https://cdn.seusite.com/avatars/daisy.jpg',      '2025-06-14 09:03:00'),
('550e8400-e29b-41d4-a716-446655440005', 'eric@example.com',       'eric',      '1987-03-30', 'https://cdn.seusite.com/avatars/eric.png',       '2025-06-14 09:04:00'),
('550e8400-e29b-41d4-a716-446655440006', 'fiona@example.com',      'fiona',     '1993-12-12', 'https://cdn.seusite.com/avatars/fiona.jpg',      '2025-06-14 09:05:00'),
('550e8400-e29b-41d4-a716-446655440007', 'george@example.com',     'george',    '1989-09-17', 'https://cdn.seusite.com/avatars/george.png',     '2025-06-14 09:06:00'),
('550e8400-e29b-41d4-a716-446655440008', 'hannah@example.com',     'hannah',    '1991-04-05', 'https://cdn.seusite.com/avatars/hannah.jpg',     '2025-06-14 09:07:00'),
('550e8400-e29b-41d4-a716-446655440009', 'ian@example.com',        'ian',       '1994-08-23', 'https://cdn.seusite.com/avatars/ian.png',        '2025-06-14 09:08:00'),
('550e8400-e29b-41d4-a716-44665544000A', 'julia@example.com',      'julia',     '1996-02-14', 'https://cdn.seusite.com/avatars/julia.jpg',      '2025-06-14 09:09:00'),
('550e8400-e29b-41d4-a716-44665544000B', 'kevin@example.com',      'kevin',     '1985-10-30', 'https://cdn.seusite.com/avatars/kevin.png',      '2025-06-14 09:10:00'),
('550e8400-e29b-41d4-a716-44665544000C', 'laura@example.com',      'laura',     '1990-06-08', 'https://cdn.seusite.com/avatars/laura.jpg',      '2025-06-14 09:11:00'),
('550e8400-e29b-41d4-a716-44665544000D', 'michael@example.com',    'michael',   '1988-12-19', 'https://cdn.seusite.com/avatars/michael.png',    '2025-06-14 09:12:00'),
('550e8400-e29b-41d4-a716-44665544000E', 'natalie@example.com',    'natalie',   '1992-03-27', 'https://cdn.seusite.com/avatars/natalie.jpg',    '2025-06-14 09:13:00'),
('550e8400-e29b-41d4-a716-44665544000F', 'oliver@example.com',     'oliver',    '1994-09-11', 'https://cdn.seusite.com/avatars/oliver.png',     '2025-06-14 09:14:00'),
('550e8400-e29b-41d4-a716-446655440010', 'paula@example.com',      'paula',     '1991-01-07', 'https://cdn.seusite.com/avatars/paula.jpg',      '2025-06-14 09:15:00'),
('550e8400-e29b-41d4-a716-446655440011', 'quincy@example.com',     'quincy',    '1989-05-18', 'https://cdn.seusite.com/avatars/quincy.png',     '2025-06-14 09:16:00'),
('550e8400-e29b-41d4-a716-446655440012', 'rachel@example.com',     'rachel',    '1993-07-29', 'https://cdn.seusite.com/avatars/rachel.jpg',     '2025-06-14 09:17:00'),
('550e8400-e29b-41d4-a716-446655440013', 'steve@example.com',      'steve',     '1990-02-02', 'https://cdn.seusite.com/avatars/steve.png',      '2025-06-14 09:18:00'),
('550e8400-e29b-41d4-a716-446655440014', 'tina@example.com',       'tina',      '1995-11-13', 'https://cdn.seusite.com/avatars/tina.jpg',       '2025-06-14 09:19:00'),
('550e8400-e29b-41d4-a716-446655440015', 'umar@example.com',       'umar',      '1987-08-21', 'https://cdn.seusite.com/avatars/umar.png',       '2025-06-14 09:20:00'),
('550e8400-e29b-41d4-a716-446655440016', 'vicky@example.com',      'vicky',     '1992-04-16', 'https://cdn.seusite.com/avatars/vicky.jpg',      '2025-06-14 09:21:00'),
('550e8400-e29b-41d4-a716-446655440017', 'william@example.com',    'william',   '1986-12-25', 'https://cdn.seusite.com/avatars/william.png',    '2025-06-14 09:22:00'),
('550e8400-e29b-41d4-a716-446655440018', 'xavier@example.com',     'xavier',    '1991-09-09', 'https://cdn.seusite.com/avatars/xavier.jpg',     '2025-06-14 09:23:00'),
('550e8400-e29b-41d4-a716-446655440019', 'yvonne@example.com',     'yvonne',    '1994-01-30', 'https://cdn.seusite.com/avatars/yvonne.png',     '2025-06-14 09:24:00'),
('550e8400-e29b-41d4-a716-44665544001A', 'zack@example.com',       'zack',      '1989-06-06', 'https://cdn.seusite.com/avatars/zack.jpg',       '2025-06-14 09:25:00'),
('550e8400-e29b-41d4-a716-44665544001B', 'amber@example.com',      'amber',     '1993-03-14', 'https://cdn.seusite.com/avatars/amber.png',      '2025-06-14 09:26:00'),
('550e8400-e29b-41d4-a716-44665544001C', 'brian@example.com',      'brian',     '1990-10-02', 'https://cdn.seusite.com/avatars/brian.jpg',      '2025-06-14 09:27:00'),
('550e8400-e29b-41d4-a716-44665544001D', 'claire@example.com',     'claire',    '1995-05-05', 'https://cdn.seusite.com/avatars/claire.png',     '2025-06-14 09:28:00'),
('550e8400-e29b-41d4-a716-44665544001E', 'daniel@example.com',     'daniel',    '1988-11-11', 'https://cdn.seusite.com/avatars/daniel.jpg',     '2025-06-14 09:29:00'),
('550e8400-e29b-41d4-a716-44665544001F', 'emma@example.com',       'emma',      '1992-07-22', 'https://cdn.seusite.com/avatars/emma.png',       '2025-06-14 09:30:00'),
('550e8400-e29b-41d4-a716-446655440020', 'frank@example.com',      'frank',     '1991-02-28', 'https://cdn.seusite.com/avatars/frank.jpg',      '2025-06-14 09:31:00'),
('550e8400-e29b-41d4-a716-446655440021', 'grace@example.com',      'grace',     '1994-08-14', 'https://cdn.seusite.com/avatars/grace.png',      '2025-06-14 09:32:00'),
('550e8400-e29b-41d4-a716-446655440022', 'henry@example.com',      'henry',     '1987-09-19', 'https://cdn.seusite.com/avatars/henry.jpg',      '2025-06-14 09:33:00'),
('550e8400-e29b-41d4-a716-446655440023', 'isabella@example.com',   'isabella',  '1990-03-03', 'https://cdn.seusite.com/avatars/isabella.png',   '2025-06-14 09:34:00'),
('550e8400-e29b-41d4-a716-446655440024', 'jack@example.com',       'jack',      '1995-12-12', 'https://cdn.seusite.com/avatars/jack.jpg',       '2025-06-14 09:35:00'),
('550e8400-e29b-41d4-a716-446655440025', 'kim@example.com',        'kim',       '1993-06-06', 'https://cdn.seusite.com/avatars/kim.png',        '2025-06-14 09:36:00'),
('550e8400-e29b-41d4-a716-446655440026', 'leo@example.com',        'leo',       '1989-01-20', 'https://cdn.seusite.com/avatars/leo.jpg',        '2025-06-14 09:37:00'),
('550e8400-e29b-41d4-a716-446655440027', 'mia@example.com',        'mia',       '1992-05-25', 'https://cdn.seusite.com/avatars/mia.png',        '2025-06-14 09:38:00'),
('550e8400-e29b-41d4-a716-446655440028', 'nathan@example.com',     'nathan',    '1991-07-17', 'https://cdn.seusite.com/avatars/nathan.jpg',     '2025-06-14 09:39:00'),
('550e8400-e29b-41d4-a716-446655440029', 'olivia@example.com',     'olivia',    '1994-11-01', 'https://cdn.seusite.com/avatars/olivia.png',     '2025-06-14 09:40:00'),
('550e8400-e29b-41d4-a716-44665544002A', 'paul@example.com',       'paul',      '1988-04-04', 'https://cdn.seusite.com/avatars/paul.jpg',       '2025-06-14 09:41:00'),
('550e8400-e29b-41d4-a716-44665544002B', 'queenie@example.com',    'queenie',   '1990-08-08', 'https://cdn.seusite.com/avatars/queenie.png',    '2025-06-14 09:42:00'),
('550e8400-e29b-41d4-a716-44665544002C', 'robert@example.com',     'robert',    '1993-10-10', 'https://cdn.seusite.com/avatars/robert.jpg',     '2025-06-14 09:43:00'),
('550e8400-e29b-41d4-a716-44665544002D', 'sara@example.com',       'sara',      '1995-02-02', 'https://cdn.seusite.com/avatars/sara.png',       '2025-06-14 09:44:00'),
('550e8400-e29b-41d4-a716-44665544002E', 'tom@example.com',        'tom',       '1987-05-05', 'https://cdn.seusite.com/avatars/tom.jpg',        '2025-06-14 09:45:00'),
('550e8400-e29b-41d4-a716-44665544002F', 'ursula@example.com',     'ursula',    '1991-03-03', 'https://cdn.seusite.com/avatars/ursula.png',     '2025-06-14 09:46:00'),
('550e8400-e29b-41d4-a716-446655440030', 'valentine@example.com',  'valentine', '1989-07-07', 'https://cdn.seusite.com/avatars/valentine.jpg',  '2025-06-14 09:47:00'),
('550e8400-e29b-41d4-a716-446655440031', 'wendy@example.com',      'wendy',     '1992-09-09', 'https://cdn.seusite.com/avatars/wendy.png',      '2025-06-14 09:48:00'),
('550e8400-e29b-41d4-a716-446655440032', 'xenia@example.com',      'xenia',     '1994-12-12', 'https://cdn.seusite.com/avatars/xenia.jpg',      '2025-06-14 09:49:00');

INSERT INTO TagUser (tagId, userId, createdId) VALUES
('550e8400-e29b-41d4-a716-446655440000', '550e8400-e29b-41d4-a716-446655440001', '2025-06-14 10:00:00'),
('550e8400-e29b-41d4-a716-446655440001', '550e8400-e29b-41d4-a716-446655440002', '2025-06-14 10:01:00'),
('550e8400-e29b-41d4-a716-446655440002', '550e8400-e29b-41d4-a716-446655440003', '2025-06-14 10:02:00'),
('550e8400-e29b-41d4-a716-446655440003', '550e8400-e29b-41d4-a716-446655440004', '2025-06-14 10:03:00'),
('550e8400-e29b-41d4-a716-446655440004', '550e8400-e29b-41d4-a716-446655440005', '2025-06-14 10:04:00'),
('550e8400-e29b-41d4-a716-446655440005', '550e8400-e29b-41d4-a716-446655440006', '2025-06-14 10:05:00'),
('550e8400-e29b-41d4-a716-446655440006', '550e8400-e29b-41d4-a716-446655440007', '2025-06-14 10:06:00'),
('550e8400-e29b-41d4-a716-446655440007', '550e8400-e29b-41d4-a716-446655440008', '2025-06-14 10:07:00'),
('550e8400-e29b-41d4-a716-446655440008', '550e8400-e29b-41d4-a716-446655440009', '2025-06-14 10:08:00'),
('550e8400-e29b-41d4-a716-446655440009', '550e8400-e29b-41d4-a716-44665544000A', '2025-06-14 10:09:00'),
('550e8400-e29b-41d4-a716-44665544000A', '550e8400-e29b-41d4-a716-44665544000B', '2025-06-14 10:10:00'),
('550e8400-e29b-41d4-a716-44665544000B', '550e8400-e29b-41d4-a716-44665544000C', '2025-06-14 10:11:00'),
('550e8400-e29b-41d4-a716-44665544000C', '550e8400-e29b-41d4-a716-44665544000D', '2025-06-14 10:12:00'),
('550e8400-e29b-41d4-a716-44665544000D', '550e8400-e29b-41d4-a716-44665544000E', '2025-06-14 10:13:00'),
('550e8400-e29b-41d4-a716-44665544000E', '550e8400-e29b-41d4-a716-44665544000F', '2025-06-14 10:14:00'),
('550e8400-e29b-41d4-a716-44665544000F', '550e8400-e29b-41d4-a716-446655440010', '2025-06-14 10:15:00'),
('550e8400-e29b-41d4-a716-446655440010', '550e8400-e29b-41d4-a716-446655440011', '2025-06-14 10:16:00'),
('550e8400-e29b-41d4-a716-446655440011', '550e8400-e29b-41d4-a716-446655440012', '2025-06-14 10:17:00'),
('550e8400-e29b-41d4-a716-446655440012', '550e8400-e29b-41d4-a716-446655440013', '2025-06-14 10:18:00'),
('550e8400-e29b-41d4-a716-446655440013', '550e8400-e29b-41d4-a716-446655440014', '2025-06-14 10:19:00'),
('550e8400-e29b-41d4-a716-446655440014', '550e8400-e29b-41d4-a716-446655440015', '2025-06-14 10:20:00'),
('550e8400-e29b-41d4-a716-446655440015', '550e8400-e29b-41d4-a716-446655440016', '2025-06-14 10:21:00'),
('550e8400-e29b-41d4-a716-446655440016', '550e8400-e29b-41d4-a716-446655440017', '2025-06-14 10:22:00'),
('550e8400-e29b-41d4-a716-446655440017', '550e8400-e29b-41d4-a716-446655440018', '2025-06-14 10:23:00'),
('550e8400-e29b-41d4-a716-446655440018', '550e8400-e29b-41d4-a716-446655440019', '2025-06-14 10:24:00'),
('550e8400-e29b-41d4-a716-446655440019', '550e8400-e29b-41d4-a716-44665544001A', '2025-06-14 10:25:00'),
('550e8400-e29b-41d4-a716-44665544001A', '550e8400-e29b-41d4-a716-44665544001B', '2025-06-14 10:26:00'),
('550e8400-e29b-41d4-a716-44665544001B', '550e8400-e29b-41d4-a716-44665544001C', '2025-06-14 10:27:00'),
('550e8400-e29b-41d4-a716-44665544001C', '550e8400-e29b-41d4-a716-44665544001D', '2025-06-14 10:28:00'),
('550e8400-e29b-41d4-a716-44665544001D', '550e8400-e29b-41d4-a716-44665544001E', '2025-06-14 10:29:00'),
('550e8400-e29b-41d4-a716-44665544001E', '550e8400-e29b-41d4-a716-44665544001F', '2025-06-14 10:30:00'),
('550e8400-e29b-41d4-a716-44665544001F', '550e8400-e29b-41d4-a716-446655440020', '2025-06-14 10:31:00'),
('550e8400-e29b-41d4-a716-446655440020', '550e8400-e29b-41d4-a716-446655440021', '2025-06-14 10:32:00'),
('550e8400-e29b-41d4-a716-446655440021', '550e8400-e29b-41d4-a716-446655440022', '2025-06-14 10:33:00'),
('550e8400-e29b-41d4-a716-446655440022', '550e8400-e29b-41d4-a716-446655440023', '2025-06-14 10:34:00'),
('550e8400-e29b-41d4-a716-446655440023', '550e8400-e29b-41d4-a716-446655440024', '2025-06-14 10:35:00'),
('550e8400-e29b-41d4-a716-446655440024', '550e8400-e29b-41d4-a716-446655440025', '2025-06-14 10:36:00'),
('550e8400-e29b-41d4-a716-446655440025', '550e8400-e29b-41d4-a716-446655440026', '2025-06-14 10:37:00'),
('550e8400-e29b-41d4-a716-446655440026', '550e8400-e29b-41d4-a716-446655440027', '2025-06-14 10:38:00'),
('550e8400-e29b-41d4-a716-446655440027', '550e8400-e29b-41d4-a716-446655440028', '2025-06-14 10:39:00'),
('550e8400-e29b-41d4-a716-446655440028', '550e8400-e29b-41d4-a716-446655440029', '2025-06-14 10:40:00'),
('550e8400-e29b-41d4-a716-446655440029', '550e8400-e29b-41d4-a716-44665544002A', '2025-06-14 10:41:00'),
('550e8400-e29b-41d4-a716-44665544002A', '550e8400-e29b-41d4-a716-44665544002B', '2025-06-14 10:42:00'),
('550e8400-e29b-41d4-a716-44665544002B', '550e8400-e29b-41d4-a716-44665544002C', '2025-06-14 10:43:00'),
('550e8400-e29b-41d4-a716-44665544002C', '550e8400-e29b-41d4-a716-44665544002D', '2025-06-14 10:44:00'),
('550e8400-e29b-41d4-a716-44665544002D', '550e8400-e29b-41d4-a716-44665544002E', '2025-06-14 10:45:00'),
('550e8400-e29b-41d4-a716-44665544002E', '550e8400-e29b-41d4-a716-44665544002F', '2025-06-14 10:46:00'),
('550e8400-e29b-41d4-a716-44665544002F', '550e8400-e29b-41d4-a716-446655440030', '2025-06-14 10:47:00'),
('550e8400-e29b-41d4-a716-446655440030', '550e8400-e29b-41d4-a716-446655440031', '2025-06-14 10:48:00'),
('550e8400-e29b-41d4-a716-446655440031', '550e8400-e29b-41d4-a716-446655440032', '2025-06-14 10:49:00');

INSERT INTO Board (id, name, description, image, createdAt) VALUES
('550e8400-e29b-41d4-a716-446655440001', 'Gardening Tips',        'Urban gardening tips and tricks',                          'https://cdn.seusite.com/boards/gardening.png',      '2025-06-14 10:00:00'),
('550e8400-e29b-41d4-a716-446655440002', 'Movie Reviews',         'Classic and current movie reviews and recommendations',    'https://cdn.seusite.com/boards/movies.png',         '2025-06-14 10:01:00'),
('550e8400-e29b-41d4-a716-446655440003', 'Healthy Recipes',       'Easy and healthy everyday recipes',                        'https://cdn.seusite.com/boards/recipes.png',        '2025-06-14 10:02:00'),
('550e8400-e29b-41d4-a716-446655440004', 'Travel Diaries',        'Travel stories and photos from around the world',          'https://cdn.seusite.com/boards/travel.png',         '2025-06-14 10:03:00'),
('550e8400-e29b-41d4-a716-446655440005', 'Tech News',             'Latest technology news and analyses',                      'https://cdn.seusite.com/boards/tech.png',           '2025-06-14 10:04:00'),
('550e8400-e29b-41d4-a716-446655440006', 'Book Club',             'Fiction and non‑fiction book discussions',                 'https://cdn.seusite.com/boards/books.png',          '2025-06-14 10:05:00'),
('550e8400-e29b-41d4-a716-446655440007', 'Fitness Challenges',    'Weekly fitness challenges to stay in shape',               'https://cdn.seusite.com/boards/fitness.png',        '2025-06-14 10:06:00'),
('550e8400-e29b-41d4-a716-446655440008', 'Photography',           'Amateur and professional photography techniques',          'https://cdn.seusite.com/boards/photo.png',          '2025-06-14 10:07:00'),
('550e8400-e29b-41d4-a716-446655440009', 'DIY Crafts',            'Do‑it‑yourself home decoration projects',                  'https://cdn.seusite.com/boards/diy.png',            '2025-06-14 10:08:00'),
('550e8400-e29b-41d4-a716-44665544000A', 'Music Discussions',     'Debates on genres, artists, and new releases',            'https://cdn.seusite.com/boards/music.png',          '2025-06-14 10:09:00'),
('550e8400-e29b-41d4-a716-44665544000B', 'Gaming Community',      'Tips, live streams, and reviews of video games',          'https://cdn.seusite.com/boards/gaming.png',         '2025-06-14 10:10:00'),
('550e8400-e29b-41d4-a716-44665544000C', 'Language Exchange',     'Practice languages with native speakers',                 'https://cdn.seusite.com/boards/language.png',       '2025-06-14 10:11:00'),
('550e8400-e29b-41d4-a716-44665544000D', 'Film Photography',      'Sharing analog photos and vintage camera tips',           'https://cdn.seusite.com/boards/film.png',           '2025-06-14 10:12:00'),
('550e8400-e29b-41d4-a716-44665544000E', 'Mindfulness',           'Mindfulness exercises and meditation practices',          'https://cdn.seusite.com/boards/mindful.png',        '2025-06-14 10:13:00'),
('550e8400-e29b-41d4-a716-44665544000F', 'Pet Lovers',            'Photos, stories, and care tips for pets',                 'https://cdn.seusite.com/boards/pets.png',           '2025-06-14 10:14:00'),
('550e8400-e29b-41d4-a716-446655440010', 'Art & Illustration',    'Digital and traditional drawing portfolios and tips',     'https://cdn.seusite.com/boards/art.png',            '2025-06-14 10:15:00'),
('550e8400-e29b-41d4-a716-446655440011', 'Crypto Talk',           'Discussions on cryptocurrencies and blockchain',           'https://cdn.seusite.com/boards/crypto.png',         '2025-06-14 10:16:00'),
('550e8400-e29b-41d4-a716-446655440012', 'Parenting Tips',        'Advice and experiences from parents',                     'https://cdn.seusite.com/boards/parenting.png',      '2025-06-14 10:17:00'),
('550e8400-e29b-41d4-a716-446655440013', 'Environmental News',    'Sustainable initiatives and green news',                  'https://cdn.seusite.com/boards/enviro.png',         '2025-06-14 10:18:00'),
('550e8400-e29b-41d4-a716-446655440014', 'Home Automation',       'IoT tutorials and smart home projects',                   'https://cdn.seusite.com/boards/iot.png',            '2025-06-14 10:19:00'),
('550e8400-e29b-41d4-a716-446655440015', 'Board Games',           'Rules, strategies, and reviews of tabletop games',        'https://cdn.seusite.com/boards/boardgames.png',     '2025-06-14 10:20:00'),
('550e8400-e29b-41d4-a716-446655440016', 'Career Advice',         'Interview tips, résumé help, and career growth',          'https://cdn.seusite.com/boards/career.png',         '2025-06-14 10:21:00'),
('550e8400-e29b-41d4-a716-446655440017', 'Mental Health',         'Support, resources, and mental health discussions',       'https://cdn.seusite.com/boards/mental.png',         '2025-06-14 10:22:00'),
('550e8400-e29b-41d4-a716-446655440018', 'Urban Sketching',       'Cityscape sketches and drawing techniques',               'https://cdn.seusite.com/boards/urban.png',          '2025-06-14 10:23:00'),
('550e8400-e29b-41d4-a716-446655440019', 'Astrophotography',      'Night sky photography tips and galleries',                'https://cdn.seusite.com/boards/astro.png',          '2025-06-14 10:24:00'),
('550e8400-e29b-41d4-a716-44665544001A', 'Vintage Cars',          'Classic car photos and restoration stories',              'https://cdn.seusite.com/boards/cars.png',           '2025-06-14 10:25:00'),
('550e8400-e29b-41d4-a716-44665544001B', 'Street Food',           'Recipes and photos of global street cuisine',             'https://cdn.seusite.com/boards/food.png',           '2025-06-14 10:26:00'),
('550e8400-e29b-41d4-a716-44665544001C', 'Podcast Recommendations','Podcast suggestions for every interest',                  'https://cdn.seusite.com/boards/podcast.png',        '2025-06-14 10:27:00'),
('550e8400-e29b-41d4-a716-44665544001D', 'Life Hacks',            'Simple tricks to make everyday life easier',              'https://cdn.seusite.com/boards/hacks.png',          '2025-06-14 10:28:00'),
('550e8400-e29b-41d4-a716-44665544001E', 'Urban Gardening',       'Growing plants in small urban spaces',                     'https://cdn.seusite.com/boards/urbangarden.png',    '2025-06-14 10:29:00'),
('550e8400-e29b-41d4-a716-44665544001F', 'Minimalism',            'Discussions on minimalist lifestyle',                     'https://cdn.seusite.com/boards/minimal.png',        '2025-06-14 10:30:00'),
('550e8400-e29b-41d4-a716-446655440020', 'AI & ML',               'Artificial intelligence and machine learning projects',   'https://cdn.seusite.com/boards/ai.png',            '2025-06-14 10:31:00'),
('550e8400-e29b-41d4-a716-446655440021', 'Climate Action',        'Movements and campaigns against climate change',          'https://cdn.seusite.com/boards/climate.png',        '2025-06-14 10:32:00'),
('550e8400-e29b-41d4-a716-446655440022', 'Yoga & Wellness',       'Yoga routines and overall well‑being tips',               'https://cdn.seusite.com/boards/yoga.png',           '2025-06-14 10:33:00'),
('550e8400-e29b-41d4-a716-446655440023', 'Sustainable Fashion',   'Eco‑friendly fashion and conscious consumerism',          'https://cdn.seusite.com/boards/fashion.png',        '2025-06-14 10:34:00'),
('550e8400-e29b-41d4-a716-446655440024', 'Crypto Art',            'Digital art and NFTs on the blockchain',                  'https://cdn.seusite.com/boards/nft.png',            '2025-06-14 10:35:00'),
('550e8400-e29b-41d4-a716-446655440025', 'Comic Books',           'Collecting and discussing comic books',                   'https://cdn.seusite.com/boards/comics.png',         '2025-06-14 10:36:00'),
('550e8400-e29b-41d4-a716-446655440026', 'Board Sports',          'Skateboarding, surfing, and other board sports',          'https://cdn.seusite.com/boards/sports.png',         '2025-06-14 10:37:00'),
('550e8400-e29b-41d4-a716-446655440027', 'Astrology',             'Natal charts and horoscope discussions',                  'https://cdn.seusite.com/boards/astrology.png',      '2025-06-14 10:38:00'),
('550e8400-e29b-41d4-a716-446655440028', 'Urban Legends',         'Exploring urban myths and folklore',                      'https://cdn.seusite.com/boards/legends.png',        '2025-06-14 10:39:00'),
('550e8400-e29b-41d4-a716-446655440029', 'Craft Beer',            'Reviews of craft beers and brewing techniques',           'https://cdn.seusite.com/boards/beer.png',           '2025-06-14 10:40:00'),
('550e8400-e29b-41d4-a716-44665544002A', 'Philosophy',            'Debates on philosophical ideas and schools of thought',   'https://cdn.seusite.com/boards/philosophy.png',     '2025-06-14 10:41:00'),
('550e8400-e29b-41d4-a716-44665544002B', 'Graphic Design',        'Graphic design portfolios and best practices',            'https://cdn.seusite.com/boards/graphic.png',        '2025-06-14 10:42:00'),
('550e8400-e29b-41d4-a716-44665544002C', 'Language Learning',     'Resources and techniques for learning new languages',     'https://cdn.seusite.com/boards/learn.png',          '2025-06-14 10:43:00'),
('550e8400-e29b-41d4-a716-44665544002D', 'Urban Planning',        'Discussions on sustainable city development',             'https://cdn.seusite.com/boards/planning.png',       '2025-06-14 10:44:00'),
('550e8400-e29b-41d4-a716-44665544002E', 'Home Brewing',          'Home beer brewing projects and tips',                     'https://cdn.seusite.com/boards/brewing.png',        '2025-06-14 10:45:00'),
('550e8400-e29b-41d4-a716-44665544002F', 'Stand‑up Comedy',       'Jokes, scripts, and stand‑up performances',               'https://cdn.seusite.com/boards/comedy.png',         '2025-06-14 10:46:00'),
('550e8400-e29b-41d4-a716-446655440030', 'Open Source Projects',  'Share and collaborate on OSS initiatives',                'https://cdn.seusite.com/boards/oss.png',            '2025-06-14 10:47:00'),
('550e8400-e29b-41d4-a716-446655440031', 'Street Photography',    'Candid urban life captures and tips',                     'https://cdn.seusite.com/boards/street.png',         '2025-06-14 10:48:00'),
('550e8400-e29b-41d4-a716-446655440032', 'Camping & Hiking',      'Guides and tips for trails and camping trips',            'https://cdn.seusite.com/boards/camping.png',        '2025-06-14 10:49:00');

INSERT INTO BoardMember (userId, boardId, createdAt, `role`) VALUES
('550e8400-e29b-41d4-a716-446655440001', '550e8400-e29b-41d4-a716-446655440001', '2025-06-14 11:00:00', 1),
('550e8400-e29b-41d4-a716-446655440002', '550e8400-e29b-41d4-a716-446655440002', '2025-06-14 11:01:00', 1),
('550e8400-e29b-41d4-a716-446655440003', '550e8400-e29b-41d4-a716-446655440003', '2025-06-14 11:02:00', 1),
('550e8400-e29b-41d4-a716-446655440004', '550e8400-e29b-41d4-a716-446655440004', '2025-06-14 11:03:00', 1),
('550e8400-e29b-41d4-a716-446655440005', '550e8400-e29b-41d4-a716-446655440005', '2025-06-14 11:04:00', 1),
('550e8400-e29b-41d4-a716-446655440006', '550e8400-e29b-41d4-a716-446655440006', '2025-06-14 11:05:00', 1),
('550e8400-e29b-41d4-a716-446655440007', '550e8400-e29b-41d4-a716-446655440007', '2025-06-14 11:06:00', 1),
('550e8400-e29b-41d4-a716-446655440008', '550e8400-e29b-41d4-a716-446655440008', '2025-06-14 11:07:00', 1),
('550e8400-e29b-41d4-a716-446655440009', '550e8400-e29b-41d4-a716-446655440009', '2025-06-14 11:08:00', 1),
('550e8400-e29b-41d4-a716-44665544000A', '550e8400-e29b-41d4-a716-44665544000A', '2025-06-14 11:09:00', 1),
('550e8400-e29b-41d4-a716-44665544000B', '550e8400-e29b-41d4-a716-44665544000B', '2025-06-14 11:10:00', 1),
('550e8400-e29b-41d4-a716-44665544000C', '550e8400-e29b-41d4-a716-44665544000C', '2025-06-14 11:11:00', 1),
('550e8400-e29b-41d4-a716-44665544000D', '550e8400-e29b-41d4-a716-44665544000D', '2025-06-14 11:12:00', 1),
('550e8400-e29b-41d4-a716-44665544000E', '550e8400-e29b-41d4-a716-44665544000E', '2025-06-14 11:13:00', 1),
('550e8400-e29b-41d4-a716-44665544000F', '550e8400-e29b-41d4-a716-44665544000F', '2025-06-14 11:14:00', 1),
('550e8400-e29b-41d4-a716-446655440010', '550e8400-e29b-41d4-a716-446655440010', '2025-06-14 11:15:00', 1),
('550e8400-e29b-41d4-a716-446655440011', '550e8400-e29b-41d4-a716-446655440011', '2025-06-14 11:16:00', 1),
('550e8400-e29b-41d4-a716-446655440012', '550e8400-e29b-41d4-a716-446655440012', '2025-06-14 11:17:00', 1),
('550e8400-e29b-41d4-a716-446655440013', '550e8400-e29b-41d4-a716-446655440013', '2025-06-14 11:18:00', 1),
('550e8400-e29b-41d4-a716-446655440014', '550e8400-e29b-41d4-a716-446655440014', '2025-06-14 11:19:00', 1),
('550e8400-e29b-41d4-a716-446655440015', '550e8400-e29b-41d4-a716-446655440015', '2025-06-14 11:20:00', 1),
('550e8400-e29b-41d4-a716-446655440016', '550e8400-e29b-41d4-a716-446655440016', '2025-06-14 11:21:00', 1),
('550e8400-e29b-41d4-a716-446655440017', '550e8400-e29b-41d4-a716-446655440017', '2025-06-14 11:22:00', 1),
('550e8400-e29b-41d4-a716-446655440018', '550e8400-e29b-41d4-a716-446655440018', '2025-06-14 11:23:00', 1),
('550e8400-e29b-41d4-a716-446655440019', '550e8400-e29b-41d4-a716-446655440019', '2025-06-14 11:24:00', 1),
('550e8400-e29b-41d4-a716-44665544001A', '550e8400-e29b-41d4-a716-44665544001A', '2025-06-14 11:25:00', 1),
('550e8400-e29b-41d4-a716-44665544001B', '550e8400-e29b-41d4-a716-44665544001B', '2025-06-14 11:26:00', 1),
('550e8400-e29b-41d4-a716-44665544001C', '550e8400-e29b-41d4-a716-44665544001C', '2025-06-14 11:27:00', 1),
('550e8400-e29b-41d4-a716-44665544001D', '550e8400-e29b-41d4-a716-44665544001D', '2025-06-14 11:28:00', 1),
('550e8400-e29b-41d4-a716-44665544001E', '550e8400-e29b-41d4-a716-44665544001E', '2025-06-14 11:29:00', 1),
('550e8400-e29b-41d4-a716-44665544001F', '550e8400-e29b-41d4-a716-44665544001F', '2025-06-14 11:30:00', 1),
('550e8400-e29b-41d4-a716-446655440020', '550e8400-e29b-41d4-a716-446655440020', '2025-06-14 11:31:00', 1),
('550e8400-e29b-41d4-a716-446655440021', '550e8400-e29b-41d4-a716-446655440021', '2025-06-14 11:32:00', 1),
('550e8400-e29b-41d4-a716-446655440022', '550e8400-e29b-41d4-a716-446655440022', '2025-06-14 11:33:00', 1),
('550e8400-e29b-41d4-a716-446655440023', '550e8400-e29b-41d4-a716-446655440023', '2025-06-14 11:34:00', 1),
('550e8400-e29b-41d4-a716-446655440024', '550e8400-e29b-41d4-a716-446655440024', '2025-06-14 11:35:00', 1),
('550e8400-e29b-41d4-a716-446655440025', '550e8400-e29b-41d4-a716-446655440025', '2025-06-14 11:36:00', 1),
('550e8400-e29b-41d4-a716-446655440026', '550e8400-e29b-41d4-a716-446655440026', '2025-06-14 11:37:00', 1),
('550e8400-e29b-41d4-a716-446655440027', '550e8400-e29b-41d4-a716-446655440027', '2025-06-14 11:38:00', 1),
('550e8400-e29b-41d4-a716-446655440028', '550e8400-e29b-41d4-a716-446655440028', '2025-06-14 11:39:00', 1),
('550e8400-e29b-41d4-a716-446655440029', '550e8400-e29b-41d4-a716-446655440029', '2025-06-14 11:40:00', 1),
('550e8400-e29b-41d4-a716-44665544002A', '550e8400-e29b-41d4-a716-44665544002A', '2025-06-14 11:41:00', 1),
('550e8400-e29b-41d4-a716-44665544002B', '550e8400-e29b-41d4-a716-44665544002B', '2025-06-14 11:42:00', 1),
('550e8400-e29b-41d4-a716-44665544002C', '550e8400-e29b-41d4-a716-44665544002C', '2025-06-14 11:43:00', 1),
('550e8400-e29b-41d4-a716-44665544002D', '550e8400-e29b-41d4-a716-44665544002D', '2025-06-14 11:44:00', 1),
('550e8400-e29b-41d4-a716-44665544002E', '550e8400-e29b-41d4-a716-44665544002E', '2025-06-14 11:45:00', 1),
('550e8400-e29b-41d4-a716-44665544002F', '550e8400-e29b-41d4-a716-44665544002F', '2025-06-14 11:46:00', 1),
('550e8400-e29b-41d4-a716-446655440030', '550e8400-e29b-41d4-a716-446655440030', '2025-06-14 11:47:00', 1),
('550e8400-e29b-41d4-a716-446655440031', '550e8400-e29b-41d4-a716-446655440031', '2025-06-14 11:48:00', 1),
('550e8400-e29b-41d4-a716-446655440032', '550e8400-e29b-41d4-a716-446655440032', '2025-06-14 11:49:00', 1);

INSERT INTO Post (id, authorId, content, attchament, boardId, createdAt) VALUES
('550e8400-e29b-41d4-a716-446655440101', '550e8400-e29b-41d4-a716-446655440001', 'Just planted tomatoes in my balcony garden! Can’t wait to see them grow.', 'https://cdn.seusite.com/posts/attach_101.png', '550e8400-e29b-41d4-a716-446655440001', '2025-06-14 12:00:00'),
('550e8400-e29b-41d4-a716-446655440102', '550e8400-e29b-41d4-a716-446655440002', 'Watched “The Grand Budapest Hotel” last night. Stunning visuals and humor!', 'https://cdn.seusite.com/posts/attach_102.jpg', '550e8400-e29b-41d4-a716-446655440002', '2025-06-14 12:01:00'),
('550e8400-e29b-41d4-a716-446655440103', '550e8400-e29b-41d4-a716-446655440003', 'Made a quinoa salad with avocado and chickpeas today—super tasty and healthy.', 'https://cdn.seusite.com/posts/attach_103.png', '550e8400-e29b-41d4-a716-446655440003', '2025-06-14 12:02:00'),
('550e8400-e29b-41d4-a716-446655440104', '550e8400-e29b-41d4-a716-446655440004', 'Just returned from Bali! Here’s a sunset photo from Uluwatu temple.', 'https://cdn.seusite.com/posts/attach_104.jpg', '550e8400-e29b-41d4-a716-446655440004', '2025-06-14 12:03:00'),
('550e8400-e29b-41d4-a716-446655440105', '550e8400-e29b-41d4-a716-446655440005', 'Apple releases new AI features in iOS 19—what do you think of the enhancements?', 'https://cdn.seusite.com/posts/attach_105.png', '550e8400-e29b-41d4-a716-446655440005', '2025-06-14 12:04:00'),
('550e8400-e29b-41d4-a716-446655440106', '550e8400-e29b-41d4-a716-446655440006', 'Just finished “The Midnight Library” by Matt Haig. Deeply moving read.', 'https://cdn.seusite.com/posts/attach_106.jpg', '550e8400-e29b-41d4-a716-446655440006', '2025-06-14 12:05:00'),
('550e8400-e29b-41d4-a716-446655440107', '550e8400-e29b-41d4-a716-446655440007', 'Completed my 5k run this morning—feeling energized!', 'https://cdn.seusite.com/posts/attach_107.png', '550e8400-e29b-41d4-a716-446655440007', '2025-06-14 12:06:00'),
('550e8400-e29b-41d4-a716-446655440108', '550e8400-e29b-41d4-a716-446655440008', 'Experimenting with double exposure in landscape photography. Thoughts?', 'https://cdn.seusite.com/posts/attach_108.jpg', '550e8400-e29b-41d4-a716-446655440008', '2025-06-14 12:07:00'),
('550e8400-e29b-41d4-a716-446655440109', '550e8400-e29b-41d4-a716-446655440009', 'Built a wood pallet shelf for my living room—DIY success!', 'https://cdn.seusite.com/posts/attach_109.png', '550e8400-e29b-41d4-a716-446655440009', '2025-06-14 12:08:00'),
('550e8400-e29b-41d4-a716-44665544010A', '550e8400-e29b-41d4-a716-44665544000A', 'Listening to the new album by Aurora. Ethereal vibes all around.', 'https://cdn.seusite.com/posts/attach_10A.jpg', '550e8400-e29b-41d4-a716-44665544000A', '2025-06-14 12:09:00'),
('550e8400-e29b-41d4-a716-44665544010B', '550e8400-e29b-41d4-a716-44665544000B', 'Who’s excited for Elden Ring DLC? Share your builds and tips here!', 'https://cdn.seusite.com/posts/attach_10B.png', '550e8400-e29b-41d4-a716-44665544000B', '2025-06-14 12:10:00'),
('550e8400-e29b-41d4-a716-44665544010C', '550e8400-e29b-41d4-a716-44665544000C', 'Looking for a Spanish language exchange partner—any takers?', 'https://cdn.seusite.com/posts/attach_10C.jpg', '550e8400-e29b-41d4-a716-44665544000C', '2025-06-14 12:11:00'),
('550e8400-e29b-41d4-a716-44665544010D', '550e8400-e29b-41d4-a716-44665544000D', 'Scanned my latest roll of film—love that grainy look!', 'https://cdn.seusite.com/posts/attach_10D.png', '550e8400-e29b-41d4-a716-44665544000D', '2025-06-14 12:12:00'),
('550e8400-e29b-41d4-a716-44665544010E', '550e8400-e29b-41d4-a716-44665544000E', 'Started a 10-minute meditation routine daily—feels great!', 'https://cdn.seusite.com/posts/attach_10E.jpg', '550e8400-e29b-41d4-a716-44665544000E', '2025-06-14 12:13:00'),
('550e8400-e29b-41d4-a716-44665544010F', '550e8400-e29b-41d4-a716-44665544000F', 'My cat just discovered the sunbeam on the floor—so adorable!', 'https://cdn.seusite.com/posts/attach_10F.png', '550e8400-e29b-41d4-a716-44665544000F', '2025-06-14 12:14:00'),
('550e8400-e29b-41d4-a716-446655440110', '550e8400-e29b-41d4-a716-446655440010', 'Sharing my latest watercolor portrait—comments welcome!', 'https://cdn.seusite.com/posts/attach_110.jpg', '550e8400-e29b-41d4-a716-446655440010', '2025-06-14 12:15:00'),
('550e8400-e29b-41d4-a716-446655440111', '550e8400-e29b-41d4-a716-446655440011', 'Just bought my first Bitcoin—to the moon or bust?', 'https://cdn.seusite.com/posts/attach_111.png', '550e8400-e29b-41d4-a716-446655440011', '2025-06-14 12:16:00'),
('550e8400-e29b-41d4-a716-446655440112', '550e8400-e29b-41d4-a716-446655440012', 'Looking for parenting hacks—how do you handle bedtime routines?', 'https://cdn.seusite.com/posts/attach_112.jpg', '550e8400-e29b-41d4-a716-446655440012', '2025-06-14 12:17:00'),
('550e8400-e29b-41d4-a716-446655440113', '550e8400-e29b-41d4-a716-446655440013', 'Eco-friendly swaps for everyday items—share your favorites!', 'https://cdn.seusite.com/posts/attach_113.png', '550e8400-e29b-41d4-a716-446655440013', '2025-06-14 12:18:00'),
('550e8400-e29b-41d4-a716-446655440114', '550e8400-e29b-41d4-a716-446655440014', 'Installed a smart thermostat today—game changer for my energy bills.', 'https://cdn.seusite.com/posts/attach_114.jpg', '550e8400-e29b-41d4-a716-446655440014', '2025-06-14 12:19:00'),
('550e8400-e29b-41d4-a716-446655440115', '550e8400-e29b-41d4-a716-446655440015', 'Board game night recap: Catan victory with a 10-point lead!', 'https://cdn.seusite.com/posts/attach_115.png', '550e8400-e29b-41d4-a716-446655440015', '2025-06-14 12:20:00'),
('550e8400-e29b-41d4-a716-446655440116', '550e8400-e29b-41d4-a716-446655440016', 'Got an interview at Google—any tips on technical interview prep?', 'https://cdn.seusite.com/posts/attach_116.jpg', '550e8400-e29b-41d4-a716-446655440016', '2025-06-14 12:21:00'),
('550e8400-e29b-41d4-a716-446655440117', '550e8400-e29b-41d4-a716-446655440017', 'Mental health check: How do you manage work‑life balance?', 'https://cdn.seusite.com/posts/attach_117.png', '550e8400-e29b-41d4-a716-446655440017', '2025-06-14 12:22:00'),
('550e8400-e29b-41d4-a716-446655440118', '550e8400-e29b-41d4-a716-446655440018', 'Urban sketch from yesterday’s coffee shop visit.', 'https://cdn.seusite.com/posts/attach_118.jpg', '550e8400-e29b-41d4-a716-446655440018', '2025-06-14 12:23:00'),
('550e8400-e29b-41d4-a716-446655440119', '550e8400-e29b-41d4-a716-446655440019', 'Captured the Milky Way last night—check out this shot!', 'https://cdn.seusite.com/posts/attach_119.png', '550e8400-e29b-41d4-a716-446655440019', '2025-06-14 12:24:00'),
('550e8400-e29b-41d4-a716-44665544011A', '550e8400-e29b-41d4-a716-44665544001A', 'Restored an old VW Beetle—done a full paint job this weekend.', 'https://cdn.seusite.com/posts/attach_11A.jpg', '550e8400-e29b-41d4-a716-44665544001A', '2025-06-14 12:25:00'),
('550e8400-e29b-41d4-a716-44665544011B', '550e8400-e29b-41d4-a716-44665544001B', 'Best tacos I’ve ever had at a street stall in Mexico City!', 'https://cdn.seusite.com/posts/attach_11B.png', '550e8400-e29b-41d4-a716-44665544001B', '2025-06-14 12:26:00'),
('550e8400-e29b-41d4-a716-44665544011C', '550e8400-e29b-41d4-a716-44665544001C', 'My top 5 podcast picks for long commutes—what are yours?', 'https://cdn.seusite.com/posts/attach_11C.jpg', '550e8400-e29b-41d4-a716-44665544001C', '2025-06-14 12:27:00'),
('550e8400-e29b-41d4-a716-44665544011D', '550e8400-e29b-41d4-a716-44665544001D', 'Here are 10 life hacks to organize your workspace.', 'https://cdn.seusite.com/posts/attach_11D.png', '550e8400-e29b-41d4-a716-44665544001D', '2025-06-14 12:28:00'),
('550e8400-e29b-41d4-a716-44665544011E', '550e8400-e29b-41d4-a716-44665544001E', 'My urban herb garden is thriving—basil and mint everywhere!', 'https://cdn.seusite.com/posts/attach_11E.jpg', '550e8400-e29b-41d4-a716-44665544001E', '2025-06-14 12:29:00'),
('550e8400-e29b-41d4-a716-44665544011F', '550e8400-e29b-41d4-a716-44665544001F', 'Why I adopted minimalism—and how it changed my life.', 'https://cdn.seusite.com/posts/attach_11F.png', '550e8400-e29b-41d4-a716-44665544001F', '2025-06-14 12:30:00'),
('550e8400-e29b-41d4-a716-446655440120', '550e8400-e29b-41d4-a716-446655440020', 'Built a simple image classifier with TensorFlow—check code!', 'https://cdn.seusite.com/posts/attach_120.jpg', '550e8400-e29b-41d4-a716-446655440020', '2025-06-14 12:31:00'),
('550e8400-e29b-41d4-a716-446655440121', '550e8400-e29b-41d4-a716-446655440021', 'Joined a local climate march—here’s why it matters.', 'https://cdn.seusite.com/posts/attach_121.png', '550e8400-e29b-41d4-a716-446655440021', '2025-06-14 12:32:00'),
('550e8400-e29b-41d4-a716-446655440122', '550e8400-e29b-41d4-a716-446655440022', 'Completed a 30-day yoga challenge—sharing my daily progress.', 'https://cdn.seusite.com/posts/attach_122.jpg', '550e8400-e29b-41d4-a716-446655440022', '2025-06-14 12:33:00'),
('550e8400-e29b-41d4-a716-446655440123', '550e8400-e29b-41d4-a716-446655440023', 'DIY upcycled fashion: turning old jeans into a stylish skirt.', 'https://cdn.seusite.com/posts/attach_123.png', '550e8400-e29b-41d4-a716-446655440023', '2025-06-14 12:34:00'),
('550e8400-e29b-41d4-a716-446655440124', '550e8400-e29b-41d4-a716-446655440024', 'Minted my first NFT on OpenSea—here’s the link!', 'https://cdn.seusite.com/posts/attach_124.jpg', '550e8400-e29b-41d4-a716-446655440024', '2025-06-14 12:35:00'),
('550e8400-e29b-41d4-a716-446655440125', '550e8400-e29b-41d4-a716-446655440025', 'New comic book haul: Batman, Saga, and more!', 'https://cdn.seusite.com/posts/attach_125.png', '550e8400-e29b-41d4-a716-446655440025', '2025-06-14 12:36:00'),
('550e8400-e29b-41d4-a716-446655440126', '550e8400-e29b-41d4-a716-446655440026', 'Caught some waves at Venice Beach this morning—surf’s up!', 'https://cdn.seusite.com/posts/attach_126.jpg', '550e8400-e29b-41d4-a716-446655440026', '2025-06-14 12:37:00'),
('550e8400-e29b-41d4-a716-446655440127', '550e8400-e29b-41d4-a716-446655440027', 'My birth chart says I’m a Taurus sun, Libra moon—any astrology fans here?', 'https://cdn.seusite.com/posts/attach_127.png', '550e8400-e29b-41d4-a716-446655440027', '2025-06-14 12:38:00'),
('550e8400-e29b-41d4-a716-446655440128', '550e8400-e29b-41d4-a716-446655440028', 'Spooky: discovered an abandoned subway station in my city’s urban legends tour.', 'https://cdn.seusite.com/posts/attach_128.jpg', '550e8400-e29b-41d4-a716-446655440028', '2025-06-14 12:39:00'),
('550e8400-e29b-41d4-a716-446655440129', '550e8400-e29b-41d4-a716-446655440029', 'Tasting notes: West Coast IPA with citrus and pine aromas—highly recommend!', 'https://cdn.seusite.com/posts/attach_129.png', '550e8400-e29b-41d4-a716-446655440029', '2025-06-14 12:40:00'),
('550e8400-e29b-41d4-a716-44665544012A', '550e8400-e29b-41d4-a716-44665544002A', 'Just started “Critique of Pure Reason”—any study buddies?', 'https://cdn.seusite.com/posts/attach_12A.jpg', '550e8400-e29b-41d4-a716-44665544002A', '2025-06-14 12:41:00'),
('550e8400-e29b-41d4-a716-44665544012B', '550e8400-e29b-41d4-a716-44665544002B', 'Showcasing my latest poster design—feedback welcome!', 'https://cdn.seusite.com/posts/attach_12B.png', '550e8400-e29b-41d4-a716-44665544002B', '2025-06-14 12:42:00'),
('550e8400-e29b-41d4-a716-44665544012C', '550e8400-e29b-41d4-a716-44665544002C', 'Best apps for learning Japanese? Recommend your favorites.', 'https://cdn.seusite.com/posts/attach_12C.jpg', '550e8400-e29b-41d4-a716-44665544002C', '2025-06-14 12:43:00'),
('550e8400-e29b-41d4-a716-44665544012D', '550e8400-e29b-41d4-a716-44665544002D', 'Proposal for a new bike lane project in downtown—please support!', 'https://cdn.seusite.com/posts/attach_12D.png', '550e8400-e29b-41d4-a716-44665544002D', '2025-06-14 12:44:00'),
('550e8400-e29b-41d4-a716-44665544012E', '550e8400-e29b-41d4-a716-44665544002E', 'Brewed my first stout at home—rich chocolate notes.', 'https://cdn.seusite.com/posts/attach_12E.jpg', '550e8400-e29b-41d4-a716-44665544002E', '2025-06-14 12:45:00'),
('550e8400-e29b-41d4-a716-44665544012F', '550e8400-e29b-41d4-a716-44665544002F', 'Tried open mic comedy for the first time—nervous but exhilarating!', 'https://cdn.seusite.com/posts/attach_12F.png', '550e8400-e29b-41d4-a716-44665544002F', '2025-06-14 12:46:00'),
('550e8400-e29b-41d4-a716-446655440130', '550e8400-e29b-41d4-a716-446655440030', 'Contributing to an open source React component library—PRs welcome!', 'https://cdn.seusite.com/posts/attach_130.jpg', '550e8400-e29b-41d4-a716-446655440030', '2025-06-14 12:47:00'),
('550e8400-e29b-41d4-a716-446655440131', '550e8400-e29b-41d4-a716-446655440031', 'Captured candid street moments while traveling in Tokyo.', 'https://cdn.seusite.com/posts/attach_131.png', '550e8400-e29b-41d4-a716-446655440031', '2025-06-14 12:48:00'),
('550e8400-e29b-41d4-a716-446655440132', '550e8400-e29b-41d4-a716-446655440032', 'Planning a weekend camping trip—recommend gear and sites!', 'https://cdn.seusite.com/posts/attach_132.jpg', '550e8400-e29b-41d4-a716-446655440032', '2025-06-14 12:49:00');

INSERT INTO PostVote (postId, userId, createdAt, `value`) VALUES
('550e8400-e29b-41d4-a716-446655440101', '550e8400-e29b-41d4-a716-446655440001', '2025-06-14 13:00:00',  1),
('550e8400-e29b-41d4-a716-446655440101', '550e8400-e29b-41d4-a716-446655440002', '2025-06-14 13:01:00', -1),
('550e8400-e29b-41d4-a716-446655440102', '550e8400-e29b-41d4-a716-446655440003', '2025-06-14 13:02:00',  1),
('550e8400-e29b-41d4-a716-446655440102', '550e8400-e29b-41d4-a716-446655440004', '2025-06-14 13:03:00',  1),
('550e8400-e29b-41d4-a716-446655440103', '550e8400-e29b-41d4-a716-446655440005', '2025-06-14 13:04:00', -1),
('550e8400-e29b-41d4-a716-446655440103', '550e8400-e29b-41d4-a716-446655440006', '2025-06-14 13:05:00',  1),
('550e8400-e29b-41d4-a716-446655440104', '550e8400-e29b-41d4-a716-446655440007', '2025-06-14 13:06:00',  1),
('550e8400-e29b-41d4-a716-446655440104', '550e8400-e29b-41d4-a716-446655440008', '2025-06-14 13:07:00', -1),
('550e8400-e29b-41d4-a716-446655440105', '550e8400-e29b-41d4-a716-446655440009', '2025-06-14 13:08:00',  1),
('550e8400-e29b-41d4-a716-446655440105', '550e8400-e29b-41d4-a716-44665544000A', '2025-06-14 13:09:00',  1),
('550e8400-e29b-41d4-a716-446655440106', '550e8400-e29b-41d4-a716-44665544000B', '2025-06-14 13:10:00', -1),
('550e8400-e29b-41d4-a716-446655440106', '550e8400-e29b-41d4-a716-44665544000C', '2025-06-14 13:11:00',  1),
('550e8400-e29b-41d4-a716-446655440107', '550e8400-e29b-41d4-a716-44665544000D', '2025-06-14 13:12:00',  1),
('550e8400-e29b-41d4-a716-446655440107', '550e8400-e29b-41d4-a716-44665544000E', '2025-06-14 13:13:00', -1),
('550e8400-e29b-41d4-a716-446655440108', '550e8400-e29b-41d4-a716-44665544000F', '2025-06-14 13:14:00',  1),
('550e8400-e29b-41d4-a716-446655440108', '550e8400-e29b-41d4-a716-446655440010', '2025-06-14 13:15:00',  1),
('550e8400-e29b-41d4-a716-446655440109', '550e8400-e29b-41d4-a716-446655440011', '2025-06-14 13:16:00', -1),
('550e8400-e29b-41d4-a716-446655440109', '550e8400-e29b-41d4-a716-446655440012', '2025-06-14 13:17:00',  1),
('550e8400-e29b-41d4-a716-44665544010A', '550e8400-e29b-41d4-a716-446655440013', '2025-06-14 13:18:00',  1),
('550e8400-e29b-41d4-a716-44665544010A', '550e8400-e29b-41d4-a716-446655440014', '2025-06-14 13:19:00', -1),
('550e8400-e29b-41d4-a716-44665544010B', '550e8400-e29b-41d4-a716-446655440015', '2025-06-14 13:20:00',  1),
('550e8400-e29b-41d4-a716-44665544010B', '550e8400-e29b-41d4-a716-446655440016', '2025-06-14 13:21:00',  1),
('550e8400-e29b-41d4-a716-44665544010C', '550e8400-e29b-41d4-a716-446655440017', '2025-06-14 13:22:00', -1),
('550e8400-e29b-41d4-a716-44665544010C', '550e8400-e29b-41d4-a716-446655440018', '2025-06-14 13:23:00',  1),
('550e8400-e29b-41d4-a716-44665544010D', '550e8400-e29b-41d4-a716-446655440019', '2025-06-14 13:24:00',  1),
('550e8400-e29b-41d4-a716-44665544010D', '550e8400-e29b-41d4-a716-44665544001A', '2025-06-14 13:25:00', -1),
('550e8400-e29b-41d4-a716-44665544010E', '550e8400-e29b-41d4-a716-44665544001B', '2025-06-14 13:26:00',  1),
('550e8400-e29b-41d4-a716-44665544010E', '550e8400-e29b-41d4-a716-44665544001C', '2025-06-14 13:27:00',  1),
('550e8400-e29b-41d4-a716-44665544010F', '550e8400-e29b-41d4-a716-44665544001D', '2025-06-14 13:28:00', -1),
('550e8400-e29b-41d4-a716-44665544010F', '550e8400-e29b-41d4-a716-44665544001E', '2025-06-14 13:29:00',  1),
('550e8400-e29b-41d4-a716-446655440110', '550e8400-e29b-41d4-a716-44665544001F', '2025-06-14 13:30:00',  1),
('550e8400-e29b-41d4-a716-446655440110', '550e8400-e29b-41d4-a716-446655440020', '2025-06-14 13:31:00', -1),
('550e8400-e29b-41d4-a716-446655440111', '550e8400-e29b-41d4-a716-446655440021', '2025-06-14 13:32:00',  1),
('550e8400-e29b-41d4-a716-446655440111', '550e8400-e29b-41d4-a716-446655440022', '2025-06-14 13:33:00',  1),
('550e8400-e29b-41d4-a716-446655440112', '550e8400-e29b-41d4-a716-446655440023', '2025-06-14 13:34:00', -1),
('550e8400-e29b-41d4-a716-446655440112', '550e8400-e29b-41d4-a716-446655440024', '2025-06-14 13:35:00',  1),
('550e8400-e29b-41d4-a716-446655440113', '550e8400-e29b-41d4-a716-446655440025', '2025-06-14 13:36:00',  1),
('550e8400-e29b-41d4-a716-446655440113', '550e8400-e29b-41d4-a716-446655440026', '2025-06-14 13:37:00', -1),
('550e8400-e29b-41d4-a716-446655440114', '550e8400-e29b-41d4-a716-446655440027', '2025-06-14 13:38:00',  1),
('550e8400-e29b-41d4-a716-446655440114', '550e8400-e29b-41d4-a716-446655440028', '2025-06-14 13:39:00',  1),
('550e8400-e29b-41d4-a716-446655440115', '550e8400-e29b-41d4-a716-446655440029', '2025-06-14 13:40:00', -1),
('550e8400-e29b-41d4-a716-446655440115', '550e8400-e29b-41d4-a716-44665544002A', '2025-06-14 13:41:00',  1),
('550e8400-e29b-41d4-a716-446655440116', '550e8400-e29b-41d4-a716-44665544002B', '2025-06-14 13:42:00',  1),
('550e8400-e29b-41d4-a716-446655440116', '550e8400-e29b-41d4-a716-44665544002C', '2025-06-14 13:43:00', -1),
('550e8400-e29b-41d4-a716-446655440117', '550e8400-e29b-41d4-a716-44665544002D', '2025-06-14 13:44:00',  1),
('550e8400-e29b-41d4-a716-446655440117', '550e8400-e29b-41d4-a716-44665544002E', '2025-06-14 13:45:00',  1),
('550e8400-e29b-41d4-a716-446655440118', '550e8400-e29b-41d4-a716-44665544002F', '2025-06-14 13:46:00', -1),
('550e8400-e29b-41d4-a716-446655440118', '550e8400-e29b-41d4-a716-446655440030', '2025-06-14 13:47:00',  1),
('550e8400-e29b-41d4-a716-446655440119', '550e8400-e29b-41d4-a716-446655440031', '2025-06-14 13:48:00',  1),
('550e8400-e29b-41d4-a716-446655440119', '550e8400-e29b-41d4-a716-446655440032', '2025-06-14 13:49:00', -1);

INSERT INTO `Comment` (id, content, postId, `level`, authorId, createdAt, replyId) VALUES

('c0000001-0000-0000-0000-000000000001', 'Great tips, I just tried this in my own garden!',      '550e8400-e29b-41d4-a716-446655440101', 0, '550e8400-e29b-41d4-a716-446655440002', '2025-06-14 13:50:00', NULL),
('c0000002-0000-0000-0000-000000000002', 'Loved that movie too, the color palette was amazing.', '550e8400-e29b-41d4-a716-446655440102', 0, '550e8400-e29b-41d4-a716-446655440003', '2025-06-14 13:51:00', NULL),
('c0000003-0000-0000-0000-000000000003', 'That recipe looks delicious, thanks for sharing!',    '550e8400-e29b-41d4-a716-446655440103', 0, '550e8400-e29b-41d4-a716-446655440004', '2025-06-14 13:52:00', NULL),
('c0000004-0000-0000-0000-000000000004', 'Bali is on my bucket list—amazing photo!',             '550e8400-e29b-41d4-a716-446655440104', 0, '550e8400-e29b-41d4-a716-446655440005', '2025-06-14 13:53:00', NULL),
('c0000005-0000-0000-0000-000000000005', 'Those AI features are really impressive!',            '550e8400-e29b-41d4-a716-446655440105', 0, '550e8400-e29b-41d4-a716-446655440006', '2025-06-14 13:54:00', NULL),
('c0000006-0000-0000-0000-000000000006', 'I cried reading that book, so moving.',              '550e8400-e29b-41d4-a716-446655440106', 0, '550e8400-e29b-41d4-a716-446655440007', '2025-06-14 13:55:00', NULL),
('c0000007-0000-0000-0000-000000000007', 'Congrats on your 5k—you rock!',                      '550e8400-e29b-41d4-a716-446655440107', 0, '550e8400-e29b-41d4-a716-446655440008', '2025-06-14 13:56:00', NULL),
('c0000008-0000-0000-0000-000000000008', 'Double exposure turned out great!',                   '550e8400-e29b-41d4-a716-446655440108', 0, '550e8400-e29b-41d4-a716-446655440009', '2025-06-14 13:57:00', NULL),
('c0000009-0000-0000-0000-000000000009', 'Nice DIY shelf—looks sturdy.',                        '550e8400-e29b-41d4-a716-446655440109', 0, '550e8400-e29b-41d4-a716-44665544000A', '2025-06-14 13:58:00', NULL),
('c000000A-0000-0000-0000-00000000000A', 'Aurora’s voice is enchanting.',                      '550e8400-e29b-41d4-a716-44665544010A', 0, '550e8400-e29b-41d4-a716-44665544000B', '2025-06-14 13:59:00', NULL),
('c000000B-0000-0000-0000-00000000000B', 'I agree, the palette was stunning!',                 '550e8400-e29b-41d4-a716-446655440102', 1, '550e8400-e29b-41d4-a716-44665544000C', '2025-06-14 14:00:00', 'c0000002-0000-0000-0000-000000000002'),
('c000000C-0000-0000-0000-00000000000C', 'Which recipe variation did you try?',                '550e8400-e29b-41d4-a716-446655440103', 1, '550e8400-e29b-41d4-a716-44665544000D', '2025-06-14 14:01:00', 'c0000003-0000-0000-0000-000000000003'),
('c000000D-0000-0000-0000-00000000000D', 'That sunset shot is incredible!',                    '550e8400-e29b-41d4-a716-446655440104', 1, '550e8400-e29b-41d4-a716-44665544000E', '2025-06-14 14:02:00', 'c0000004-0000-0000-0000-000000000004'),
('c000000E-0000-0000-0000-00000000000E', 'I think they improved Siri too.',                      '550e8400-e29b-41d4-a716-446655440105', 1, '550e8400-e29b-41d4-a716-44665544000F', '2025-06-14 14:03:00', 'c0000005-0000-0000-0000-000000000005'),
('c000000F-0000-0000-0000-00000000000F', 'Where can I buy that book?',                         '550e8400-e29b-41d4-a716-446655440106', 1, '550e8400-e29b-41d4-a716-446655440010', '2025-06-14 14:04:00', 'c0000006-0000-0000-0000-000000000006'),
('c0000010-0000-0000-0000-000000000010', 'Nice pace—what was your split time?',                '550e8400-e29b-41d4-a716-446655440107', 1, '550e8400-e29b-41d4-a716-446655440011', '2025-06-14 14:05:00', 'c0000007-0000-0000-0000-000000000007'),
('c0000011-0000-0000-0000-000000000011', 'Love the grain in that shot!',                       '550e8400-e29b-41d4-a716-446655440108', 1, '550e8400-e29b-41d4-a716-446655440012', '2025-06-14 14:06:00', 'c0000008-0000-0000-0000-000000000008'),
('c0000012-0000-0000-0000-000000000012', 'Where did you source the wood?',                     '550e8400-e29b-41d4-a716-446655440109', 1, '550e8400-e29b-41d4-a716-446655440013', '2025-06-14 14:07:00', 'c0000009-0000-0000-0000-000000000009'),
('c0000013-0000-0000-0000-000000000013', 'She’s one of my favorite artists too!',              '550e8400-e29b-41d4-a716-44665544010A', 1, '550e8400-e29b-41d4-a716-446655440014', '2025-06-14 14:08:00', 'c000000A-0000-0000-0000-00000000000A'),
('c0000014-0000-0000-0000-000000000014', 'Can’t wait for that DLC!',                          '550e8400-e29b-41d4-a716-44665544010B', 0, '550e8400-e29b-41d4-a716-446655440015', '2025-06-14 14:09:00', NULL),
('c0000015-0000-0000-0000-000000000015', 'I just joined the language exchange—let’s chat!',    '550e8400-e29b-41d4-a716-44665544010C', 0, '550e8400-e29b-41d4-a716-446655440016', '2025-06-14 14:10:00', NULL),
('c0000016-0000-0000-0000-000000000016', 'Film grain is irreplaceable—love it!',              '550e8400-e29b-41d4-a716-44665544010D', 0, '550e8400-e29b-41d4-a716-446655440017', '2025-06-14 14:11:00', NULL),
('c0000017-0000-0000-0000-000000000017', 'Meditation changed my mornings.',                   '550e8400-e29b-41d4-a716-44665544010E', 0, '550e8400-e29b-41d4-a716-446655440018', '2025-06-14 14:12:00', NULL),
('c0000018-0000-0000-0000-000000000018', 'Your cat is adorable!',                              '550e8400-e29b-41d4-a716-44665544010F', 0, '550e8400-e29b-41d4-a716-446655440019', '2025-06-14 14:13:00', NULL),
('c0000019-0000-0000-0000-000000000019', 'Amazing watercolor—did you use professional paper?', '550e8400-e29b-41d4-a716-446655440110', 0, '550e8400-e29b-41d4-a716-44665544001A', '2025-06-14 14:14:00', NULL),
('c0000020-0000-0000-0000-000000000020', 'Bitcoin hype is real—good luck!',                    '550e8400-e29b-41d4-a716-446655440111', 0, '550e8400-e29b-41d4-a716-44665544001B', '2025-06-14 14:15:00', NULL),
('c0000021-0000-0000-0000-000000000021', 'Count me in for the DLC hype!',                     '550e8400-e29b-41d4-a716-44665544010B', 1, '550e8400-e29b-41d4-a716-44665544001C', '2025-06-14 14:16:00', 'c0000014-0000-0000-0000-000000000014'),
('c0000022-0000-0000-0000-000000000022', 'I’m free to practice Spanish this weekend.',         '550e8400-e29b-41d4-a716-44665544010C', 1, '550e8400-e29b-41d4-a716-44665544001D', '2025-06-14 14:17:00', 'c0000015-0000-0000-0000-000000000015'),
('c0000023-0000-0000-0000-000000000023', 'What ISO did you shoot at?',                        '550e8400-e29b-41d4-a716-44665544010D', 1, '550e8400-e29b-41d4-a716-44665544001E', '2025-06-14 14:18:00', 'c0000016-0000-0000-0000-000000000016'),
('c0000024-0000-0000-0000-000000000024', 'Meditation before or after coffee?',                 '550e8400-e29b-41d4-a716-44665544010E', 1, '550e8400-e29b-41d4-a716-44665544001F', '2025-06-14 14:19:00', 'c0000017-0000-0000-0000-000000000017'),
('c0000025-0000-0000-0000-000000000025', 'My paper is cold-press—holds color well.',           '550e8400-e29b-41d4-a716-446655440110', 1, '550e8400-e29b-41d4-a716-446655440020', '2025-06-14 14:20:00', 'c0000019-0000-0000-0000-000000000019'),
('c0000026-0000-0000-0000-000000000026', 'Congrats on the garden success!',                    '550e8400-e29b-41d4-a716-446655440101', 1, '550e8400-e29b-41d4-a716-446655440021', '2025-06-14 14:21:00', 'c0000001-0000-0000-0000-000000000001'),
('c0000027-0000-0000-0000-000000000027', 'Which AI feature stood out most to you?',            '550e8400-e29b-41d4-a716-446655440105', 1, '550e8400-e29b-41d4-a716-446655440022', '2025-06-14 14:22:00', 'c0000005-0000-0000-0000-000000000005'),
('c0000028-0000-0000-0000-000000000028', 'Your cat sounds hilarious!',                         '550e8400-e29b-41d4-a716-44665544010F', 1, '550e8400-e29b-41d4-a716-446655440023', '2025-06-14 14:23:00', 'c0000018-0000-0000-0000-000000000018'),
('c0000029-0000-0000-0000-000000000029', 'Any book club recommendations next month?',          '550e8400-e29b-41d4-a716-446655440106', 1, '550e8400-e29b-41d4-a716-446655440024', '2025-06-14 14:24:00', 'c0000006-0000-0000-0000-000000000006'),
('c0000030-0000-0000-0000-000000000030', 'Your shelf project is inspiring—may try it too!',    '550e8400-e29b-41d4-a716-446655440109', 1, '550e8400-e29b-41d4-a716-446655440025', '2025-06-14 14:25:00', 'c0000009-0000-0000-0000-000000000009'),
('c0000031-0000-0000-0000-000000000031', 'Just finished reading your travel diary—so vivid!', '550e8400-e29b-41d4-a716-446655440104', 0, '550e8400-e29b-41d4-a716-446655440026', '2025-06-14 14:26:00', NULL),
('c0000032-0000-0000-0000-000000000032', 'Can you share the recipe details?',                  '550e8400-e29b-41d4-a716-446655440103', 1, '550e8400-e29b-41d4-a716-446655440027', '2025-06-14 14:27:00', 'c0000003-0000-0000-0000-000000000003'),
('c0000033-0000-0000-0000-000000000033', 'That garden looks lush!',                              '550e8400-e29b-41d4-a716-446655440101', 1, '550e8400-e29b-41d4-a716-446655440028', '2025-06-14 14:28:00', 'c0000001-0000-0000-0000-000000000001'),
('c0000034-0000-0000-0000-000000000034', 'Which camera did you use?',                           '550e8400-e29b-41d4-a716-446655440108', 1, '550e8400-e29b-41d4-a716-446655440029', '2025-06-14 14:29:00', 'c0000008-0000-0000-0000-000000000008'),
('c0000035-0000-0000-0000-000000000035', 'That movie soundtrack was incredible.',               '550e8400-e29b-41d4-a716-446655440102', 1, '550e8400-e29b-41d4-a716-44665544002A', '2025-06-14 14:30:00', 'c0000002-0000-0000-0000-000000000002'),
('c0000036-0000-0000-0000-000000000036', 'I tried that meditation routine too.',                 '550e8400-e29b-41d4-a716-44665544010E', 1, '550e8400-e29b-41d4-a716-44665544002B', '2025-06-14 14:31:00', 'c0000017-0000-0000-0000-000000000017'),
('c0000037-0000-0000-0000-000000000037', 'Home automation sounds fun—what hub do you use?',    '550e8400-e29b-41d4-a716-446655440114', 0, '550e8400-e29b-41d4-a716-44665544002C', '2025-06-14 14:32:00', NULL),
('c0000038-0000-0000-0000-000000000038', 'I use HomeKit with Hubitat—works great.',              '550e8400-e29b-41d4-a716-446655440114', 1, '550e8400-e29b-41d4-a716-44665544002D', '2025-06-14 14:33:00', 'c0000037-0000-0000-0000-000000000037'),
('c0000039-0000-0000-0000-000000000039', 'Your book club picks are awesome!',                   '550e8400-e29b-41d4-a716-446655440106', 1, '550e8400-e29b-41d4-a716-44665544002E', '2025-06-14 14:34:00', 'c0000006-0000-0000-0000-000000000006'),
('c0000040-0000-0000-0000-000000000040', 'Thanks everyone for the feedback!',                    '550e8400-e29b-41d4-a716-446655440107', 1, '550e8400-e29b-41d4-a716-44665544002F', '2025-06-14 14:35:00', 'c0000010-0000-0000-0000-000000000010'),
('c0000041-0000-0000-0000-000000000041', 'Can we discuss more in the gardening board?',         '550e8400-e29b-41d4-a716-446655440101', 1, '550e8400-e29b-41d4-a716-446655440030', '2025-06-14 14:36:00', 'c0000033-0000-0000-0000-000000000033'),
('c0000042-0000-0000-0000-000000000042', 'Who else is reading that book?',                      '550e8400-e29b-41d4-a716-446655440106', 1, '550e8400-e29b-41d4-a716-446655440031', '2025-06-14 14:37:00', 'c0000006-0000-0000-0000-000000000006'),
('c0000043-0000-0000-0000-000000000043', 'Let’s schedule a DIY workshop!',                      '550e8400-e29b-41d4-a716-446655440109', 1, '550e8400-e29b-41d4-a716-446655440032', '2025-06-14 14:38:00', 'c0000009-0000-0000-0000-000000000009'),
('c0000044-0000-0000-0000-000000000044', 'Anyone tried the new blockchain update?',              '550e8400-e29b-41d4-a716-446655440111', 0, '550e8400-e29b-41d4-a716-446655440001', '2025-06-14 14:39:00', NULL),
('c0000045-0000-0000-0000-000000000045', 'Yes—it improves transaction speed significantly.',     '550e8400-e29b-41d4-a716-446655440111', 1, '550e8400-e29b-41d4-a716-446655440002', '2025-06-14 14:40:00', 'c0000044-0000-0000-0000-000000000044'),
('c0000046-0000-0000-0000-000000000046', 'I want to join the fitness challenges—sign me up!',   '550e8400-e29b-41d4-a716-44665544010A', 0, '550e8400-e29b-41d4-a716-446655440003', '2025-06-14 14:41:00', NULL),
('c0000047-0000-0000-0000-000000000047', 'What’s the first challenge?',                         '550e8400-e29b-41d4-a716-44665544010A', 1, '550e8400-e29b-41d4-a716-446655440004', '2025-06-14 14:42:00', 'c0000046-0000-0000-0000-000000000046'),
('c0000048-0000-0000-0000-000000000048', 'Let’s start with a daily plank challenge.',            '550e8400-e29b-41d4-a716-44665544010A', 2, '550e8400-e29b-41d4-a716-446655440005', '2025-06-14 14:43:00', 'c0000047-0000-0000-0000-000000000047'),
('c0000049-0000-0000-0000-000000000049', 'Best idea ever—I’m in!',                              '550e8400-e29b-41d4-a716-44665544010A', 3, '550e8400-e29b-41d4-a716-446655440006', '2025-06-14 14:44:00', 'c0000048-0000-0000-0000-000000000048'),
('c0000050-0000-0000-0000-000000000050', 'Count me in too—let’s motivate each other!',          '550e8400-e29b-41d4-a716-44665544010A', 1, '550e8400-e29b-41d4-a716-446655440007', '2025-06-14 14:45:00', 'c0000046-0000-0000-0000-000000000046');

INSERT INTO CommentVote (commentId, userId, createdAt, value) VALUES
('c0000001-0000-0000-0000-000000000001', '550e8400-e29b-41d4-a716-446655440002', '2025-06-14 15:00:00', 1),
('c0000002-0000-0000-0000-000000000002', '550e8400-e29b-41d4-a716-446655440003', '2025-06-14 15:01:00', 1),
('c0000003-0000-0000-0000-000000000003', '550e8400-e29b-41d4-a716-446655440004', '2025-06-14 15:02:00', -1),
('c0000005-0000-0000-0000-000000000005', '550e8400-e29b-41d4-a716-446655440006', '2025-06-14 15:03:00', 1),
('c0000006-0000-0000-0000-000000000006', '550e8400-e29b-41d4-a716-446655440007', '2025-06-14 15:04:00', 1),
('c000000A-0000-0000-0000-00000000000A', '550e8400-e29b-41d4-a716-44665544000B', '2025-06-14 15:05:00', -1),
('c0000010-0000-0000-0000-000000000010', '550e8400-e29b-41d4-a716-446655440011', '2025-06-14 15:06:00', 1),
('c0000015-0000-0000-0000-000000000015', '550e8400-e29b-41d4-a716-446655440016', '2025-06-14 15:07:00', 1),
('c0000021-0000-0000-0000-000000000021', '550e8400-e29b-41d4-a716-44665544001C', '2025-06-14 15:08:00', 1),
('c0000044-0000-0000-0000-000000000044', '550e8400-e29b-41d4-a716-446655440001', '2025-06-14 15:09:00', -1),
('c0000001-0000-0000-0000-000000000001', '550e8400-e29b-41d4-a716-446655440003', '2025-06-14 15:10:00', 1),
('c0000002-0000-0000-0000-000000000002', '550e8400-e29b-41d4-a716-446655440002', '2025-06-14 15:11:00', -1),
('c0000003-0000-0000-0000-000000000003', '550e8400-e29b-41d4-a716-446655440006', '2025-06-14 15:12:00', 1),
('c0000005-0000-0000-0000-000000000005', '550e8400-e29b-41d4-a716-446655440004', '2025-06-14 15:13:00', -1),
('c0000006-0000-0000-0000-000000000006', '550e8400-e29b-41d4-a716-446655440032', '2025-06-14 15:14:00', 1),
('c0000015-0000-0000-0000-000000000015', '550e8400-e29b-41d4-a716-44665544000B', '2025-06-14 15:15:00', 1),
('c0000010-0000-0000-0000-000000000010', '550e8400-e29b-41d4-a716-446655440016', '2025-06-14 15:16:00', -1),
('c0000015-0000-0000-0000-000000000015', '550e8400-e29b-41d4-a716-446655440003', '2025-06-14 15:17:00', 1),
('c0000021-0000-0000-0000-000000000021', '550e8400-e29b-41d4-a716-446655440011', '2025-06-14 15:18:00', 1),
('c0000044-0000-0000-0000-000000000044', '550e8400-e29b-41d4-a716-446655440016', '2025-06-14 15:19:00', 1),
('c0000021-0000-0000-0000-000000000021', '550e8400-e29b-41d4-a716-44665544001F', '2025-06-14 15:20:00', -1),
('c0000015-0000-0000-0000-000000000015', '550e8400-e29b-41d4-a716-44665544000F', '2025-06-14 15:21:00', 1),
('c0000010-0000-0000-0000-000000000010', '550e8400-e29b-41d4-a716-446655440006', '2025-06-14 15:22:00', 1),
('c0000003-0000-0000-0000-000000000003', '550e8400-e29b-41d4-a716-446655440016', '2025-06-14 15:23:00', -1);